City_ID,City,Lat,Lng,Max Temp,Humidity,Cloudiness,Wind Speed,Country,Date
0,bardai,11.65,7.2333,21.76,93,96,3.17,NG,1724620279
1,hermanus,-34.4187,19.2345,12.27,70,89,5.87,ZA,1724620347
2,udachny,66.4167,112.4,7.07,89,65,2.5,RU,1724620349
3,invercargill,-46.4,168.35,3.34,98,100,1.34,NZ,1724620350
4,bahia de kino,28.8333,-111.9333,33.8,39,3,4.35,MX,1724620351
5,port elizabeth,-33.918,25.5701,12.95,95,100,3.14,ZA,1724620244
6,bredasdorp,-34.5322,20.0403,9.95,80,74,2.5,ZA,1724620353
7,pangody,65.85,74.4859,11.12,80,5,2.74,RU,1724620355
8,opuwo,-18.0607,13.84,20.18,15,0,2.77,NA,1724620356
9,puerto deseado,-47.7503,-65.8938,8.4,61,100,10.13,AR,1724620357
10,timmins,48.4669,-81.3331,26.77,51,80,1.12,CA,1724620079
11,atafu village,-8.5421,-172.5159,28.36,75,34,8.61,TK,1724620360
12,puerto natales,-51.7236,-72.4875,6.25,75,75,2.06,CL,1724620361
13,palora,-1.7,-77.9333,27.06,39,60,1.67,EC,1724620362
14,nha trang,12.25,109.1833,27.0,88,100,1.89,VN,1724620363
15,guerrero negro,27.9769,-114.0611,25.33,54,0,8.04,MX,1724620365
16,yellowknife,62.456,-114.3525,20.23,53,82,2.24,CA,1724620366
17,kismayo,-0.3582,42.5454,24.84,84,43,7.59,SO,1724620367
18,iqaluit,63.7506,-68.5145,7.61,75,100,2.24,CA,1724620183
19,onega,63.9061,38.1404,14.6,78,5,3.86,RU,1724620370
20,adamstown,-25.066,-130.1015,20.75,80,100,10.56,PN,1724620371
21,punta del este,-34.9667,-54.95,9.37,91,100,6.69,UY,1724620372
22,edinburgh of the seven seas,-37.0676,-12.3116,11.62,73,100,8.52,SH,1724620373
23,bilibino,68.0546,166.4372,8.03,65,15,2.12,RU,1724620375
24,ushuaia,-54.8,-68.3,6.81,76,20,3.09,AR,1724620377
25,rio do sul,-27.2142,-49.6431,8.18,64,6,1.25,BR,1724620092
26,georgetown,5.4112,100.3354,24.76,91,100,1.86,MY,1724620379
27,bijie,27.3125,105.2942,17.43,94,24,2.05,CN,1724620381
28,grytviken,-54.2811,-36.5092,-2.59,70,45,4.27,GS,1724620382
29,waitangi,-43.9535,-176.5597,12.12,93,100,3.58,NZ,1724620383
30,kristiansund,63.1115,7.732,13.36,58,75,3.6,NO,1724620384
31,richards bay,-28.783,32.0377,19.7,78,100,1.38,ZA,1724620385
32,kiruna,67.8557,20.2251,6.51,87,37,3.6,SE,1724620387
33,balqash,46.8481,74.995,17.16,43,4,3.15,KZ,1724620388
34,papatowai,-46.5619,169.4708,5.16,85,89,2.48,NZ,1724620389
35,talnakh,69.4865,88.3972,10.85,77,95,2.64,RU,1724620390
36,nar'yan-mar,67.6713,53.087,9.69,93,1,3.26,RU,1724620392
37,carnarvon,-24.8667,113.6333,17.83,59,12,4.98,AU,1724620394
38,ad dilam,23.9915,47.1627,37.28,18,100,4.12,SA,1724620395
39,hatillo,18.4863,-66.8254,29.76,74,13,0.45,PR,1724620396
40,anadyr,64.75,177.4833,6.28,75,100,6.0,RU,1724620398
41,gadzhiyevo,69.2551,33.3362,14.48,80,100,12.0,RU,1724620399
42,saint-pierre,-21.3393,55.4781,19.82,68,0,7.72,RE,1724620400
43,petropavlovsk-kamchatsky,53.0452,158.6483,13.33,72,0,2.0,RU,1724620401
44,shira,54.4911,89.9531,13.32,68,100,5.58,RU,1724620402
45,haiku-pauwela,20.9219,-156.3051,24.47,94,100,6.26,US,1724620404
46,hawaiian paradise park,19.5933,-154.9731,25.73,97,100,6.69,US,1724620405
47,kondoa,-4.9,35.7833,14.4,75,39,1.61,TZ,1724620406
48,thompson,55.7435,-97.8558,24.09,78,75,3.09,CA,1724620407
49,preobrazheniye,42.9019,133.9064,18.65,90,93,3.79,RU,1724620409
50,andzhiyevskiy,44.23,43.08,23.04,53,100,8.0,RU,1724620410
51,ola,59.5833,151.2833,12.67,80,100,1.71,RU,1724620411
52,alesund,62.4723,6.1549,13.2,83,75,7.2,NO,1724620412
53,west island,-12.1568,96.8225,25.99,83,88,4.63,CC,1724620413
54,dryden,49.7833,-92.7503,32.34,45,23,5.4,CA,1724620414
55,betio village,1.358,172.9211,30.02,76,80,5.66,KI,1724620416
56,keren,15.7778,38.4581,22.51,75,6,0.63,ER,1724620417
57,kapuskasing,49.4169,-82.4331,27.58,48,61,0.99,CA,1724620293
58,chernyshevskiy,63.0128,112.4714,8.08,91,44,1.1,RU,1724620419
59,maputo,-25.9653,32.5892,18.82,82,20,0.51,MZ,1724620421
60,les anglais,18.3054,-74.2197,27.97,73,14,1.51,HT,1724620422
61,punta arenas,-53.15,-70.9167,5.06,93,100,3.6,CL,1724620423
62,fale old settlement,-9.3852,-171.2468,28.01,79,8,7.5,TK,1724620424
63,la passe,45.5549,-0.8967,16.02,71,0,5.03,FR,1724620426
64,mersa matruh,31.3525,27.2453,27.04,71,0,2.17,EG,1724620427
65,dingli,35.8614,14.3822,25.09,83,0,3.6,MT,1724620428
66,margaret river,-33.95,115.0667,16.0,78,100,8.81,AU,1724620429
67,college,64.8569,-147.8028,12.89,62,75,2.57,US,1724620431
68,snyder,32.7179,-100.9176,36.19,26,0,5.14,US,1724620432
69,puerto rosario,-24.45,-57.0833,15.11,46,4,2.45,PY,1724620433
70,athni,16.7333,75.0667,21.37,92,100,6.2,IN,1724620434
71,isabela,6.7085,121.9711,26.03,86,100,1.47,PH,1724620436
72,mahajanga,-15.7167,46.3167,22.09,59,76,5.22,MG,1724620437
73,port-aux-francais,-49.35,70.2167,4.45,73,90,14.56,TF,1724620438
74,sekong,-6.3996,106.0252,21.6,93,89,0.71,ID,1724620439
75,tiksi,71.6872,128.8694,3.5,90,100,4.88,RU,1724620440
76,trancas,-26.2314,-65.2803,17.5,29,0,5.07,AR,1724620442
77,taro,-8.3862,115.28,17.9,100,61,0.55,ID,1724620443
78,hobyo,5.3505,48.5268,25.43,80,100,10.91,SO,1724620444
79,stanley,54.868,-1.6985,14.6,85,75,5.14,GB,1724620446
80,bereznik,62.8551,42.7072,12.99,77,0,2.11,RU,1724620447
81,ribeira grande,38.5167,-28.7,24.32,88,40,2.06,PT,1724620448
82,gaiman,-43.2897,-65.4929,13.11,25,100,12.47,AR,1724620450
83,rongelap,11.1635,166.8941,28.35,80,44,5.54,MH,1724620451
84,cidreira,-30.1811,-50.2056,12.36,58,17,8.35,BR,1724620273
85,dawson creek,55.7666,-120.2362,21.15,34,31,7.12,CA,1724620453
86,utrik,11.2278,169.8474,28.54,78,14,7.21,MH,1724620454
87,san pablo villa de mitla,16.9167,-96.4,23.38,61,86,3.0,MX,1724620456
88,kokopo,-4.352,152.2633,24.47,92,100,5.27,PG,1724620457
89,wailua homesteads,22.0669,-159.378,26.44,87,100,9.26,US,1724620458
90,riva del garda,45.8858,10.8412,26.13,86,86,3.2,IT,1724620318
91,qaqortoq,60.7167,-46.0333,4.64,90,100,3.54,GL,1724620460
92,hamilton,39.1834,-84.5333,35.0,43,20,1.79,US,1724620294
93,la ronge,55.1001,-105.2842,14.15,72,100,6.73,CA,1724620463
94,pathein,16.7833,94.7333,24.95,93,100,1.67,MM,1724620464
95,blackmans bay,-43.0167,147.3167,11.07,82,92,5.48,AU,1724620465
96,barranca,-10.75,-77.7667,18.31,77,29,4.03,PE,1724620467
97,scarborough,54.2797,-0.4044,15.52,79,98,4.02,GB,1724620468
98,howard springs,-12.497,131.047,22.95,96,2,1.3,AU,1724620469
99,lompoc,34.6391,-120.4579,27.51,42,0,3.13,US,1724620470
100,klyuchi,52.2667,79.1667,13.93,82,100,6.69,RU,1724620471
101,jinghong,21.991,100.7341,20.81,100,95,0.28,CN,1724620473
102,rundu,-17.9333,19.7667,17.44,21,2,2.93,NA,1724620474
103,baybay,10.6833,124.8333,25.32,93,100,4.18,PH,1724620475
104,albany,42.6001,-73.9662,27.18,65,54,0.76,US,1724620340
105,valley city,46.9233,-98.0032,36.62,30,84,4.61,US,1724620478
106,deyang,31.1302,104.382,26.68,77,100,0.82,CN,1724620479
107,ust-nera,64.5667,143.2,14.93,72,89,2.39,RU,1724620480
108,puerto pilon,9.3644,-79.7933,27.03,75,100,0.38,PA,1724620481
109,bubaque,11.2833,-15.8333,26.77,80,100,8.08,GW,1724620482
110,fayroz koh,34.5195,65.2509,11.56,41,0,1.27,AF,1724620484
111,whitehorse,60.7161,-135.0538,9.34,87,100,5.81,CA,1724620485
112,fisterra,42.9049,-9.2629,18.02,73,2,10.03,ES,1724620486
113,longyearbyen,78.2186,15.6401,8.91,87,75,1.54,SJ,1724620487
114,bougouni,11.417,-7.479,23.48,93,7,2.03,ML,1724620488
115,hithadhoo,-0.6,73.0833,28.15,73,100,3.22,MV,1724620490
116,broken hill,-31.95,141.4333,9.6,68,0,3.9,AU,1724620491
117,sergeyevka,53.88,67.4158,11.99,93,100,3.01,KZ,1724620492
118,veracruz,19.3333,-96.6667,28.12,65,0,2.95,MX,1724620261
119,lazaro cardenas,17.9583,-102.2,30.23,70,16,2.78,MX,1724620253
120,leava,-14.3,-178.1667,26.91,83,100,6.73,WF,1724620496
121,katsuura,35.1333,140.3,26.88,86,100,3.08,JP,1724620497
122,rochefort-du-gard,43.9765,4.6902,22.59,61,0,8.23,FR,1724620498
123,mastung,29.7994,66.845,25.0,44,0,1.18,PK,1724620499
124,afaahiti,-17.75,-149.2833,22.3,79,100,10.87,PF,1724620500
125,wakkanai,45.4094,141.6739,19.67,89,100,2.99,JP,1724620502
126,saipan,15.1355,145.701,28.39,89,40,2.57,MP,1724620503
127,lucheng,31.2336,117.2806,26.85,83,41,1.35,CN,1724620504
128,sirjan,29.452,55.6814,24.39,16,0,3.77,IR,1724620505
129,hasaki,35.7333,140.8333,26.89,84,24,4.16,JP,1724620506
130,cill airne,52.05,-9.5167,11.66,96,26,2.85,IE,1724620508
131,barra do garcas,-15.89,-52.2567,31.47,28,23,2.48,BR,1724620509
132,port mathurin,-19.6833,63.4167,20.64,69,41,12.37,MU,1724620510
133,iskateley,67.6803,53.1512,9.7,93,1,3.26,RU,1724620511
134,port alfred,-33.5906,26.891,15.1,90,100,0.45,ZA,1724620513
135,minas de matahambre,22.5887,-83.9447,30.74,65,70,3.0,CU,1724620514
136,labrador city,52.9463,-66.9114,22.95,49,75,2.57,CA,1724620515
137,ancud,-41.8697,-73.8203,7.89,92,100,6.13,CL,1724620516
138,san rafael,-34.6177,-68.3301,15.14,24,0,8.41,AR,1724620517
139,nagasaki,32.7447,129.8736,28.8,83,0,1.46,JP,1724620519
140,sovetskiy,61.3614,63.5842,14.77,62,88,0.51,RU,1724620520
141,aioun,16.6614,-9.6149,33.24,44,25,5.5,MR,1724620521
142,bethel,41.3712,-73.414,28.52,65,40,2.06,US,1724620292
143,vila velha,-20.3297,-40.2925,23.97,82,100,4.63,BR,1724620311
144,fortaleza,-3.7227,-38.5247,28.93,87,0,6.17,BR,1724620234
145,nema,57.5067,50.5011,15.26,79,82,1.86,RU,1724620526
146,vilyuchinsk,52.9306,158.4028,14.15,79,44,3.3,RU,1724620439
147,nova vicosa,-17.8919,-39.3719,23.8,75,2,4.29,BR,1724620528
148,axim,4.8699,-2.2405,23.86,88,61,2.75,GH,1724620530
149,urzhar,47.093,81.6294,15.7,37,41,2.13,KZ,1724620531
150,el nido,11.1858,119.3956,25.64,88,100,2.34,PH,1724620532
151,santa cruz,-17.8,-63.1667,18.7,32,75,8.23,BO,1724620535
152,isafjordur,66.0755,-23.124,3.2,86,96,0.43,IS,1724620536
153,lianyuan,27.6883,111.6642,26.64,83,28,0.71,CN,1724620537
154,keflavik,64.0049,-22.5624,7.24,81,40,4.63,IS,1724620538
155,bukama,-9.2,25.85,24.16,26,90,1.73,CD,1724620539
156,sitka,57.0531,-135.33,14.94,77,100,5.14,US,1724620541
157,lihue,21.9789,-159.3672,26.77,81,100,9.26,US,1724620542
158,alice springs,-23.7,133.8833,13.75,54,0,3.6,AU,1724620543
159,paracuru,-3.41,-39.0306,25.53,75,47,6.35,BR,1724620544
160,acajutla,13.5928,-89.8275,29.44,71,16,2.72,SV,1724620546
161,puerto ayora,-0.7393,-90.3518,20.86,91,77,3.13,EC,1724620547
162,smithers,54.7804,-127.1743,16.18,55,100,2.57,CA,1724620548
163,karratha,-20.7377,116.8463,22.65,33,16,3.85,AU,1724620551
164,queenstown,-31.8976,26.8753,11.07,28,70,2.65,ZA,1724620552
165,rodolfo sanchez taboada,31.7167,-116.5667,24.5,49,0,1.79,MX,1724620553
166,afif,23.9065,42.9172,27.77,46,49,5.6,SA,1724620554
167,rudnichnyy,59.617,52.4703,12.22,96,91,2.33,RU,1724620555
168,pljevlja,43.3333,19.3333,18.99,58,62,1.26,ME,1724620557
169,tokombere,11.2271,13.4858,21.2,92,100,1.05,NG,1724620558
170,zhigalovo,54.8097,105.1578,12.78,83,99,1.49,RU,1724620559
171,susuman,62.7833,148.1667,14.71,55,52,1.89,RU,1724620560
172,porto novo,6.4965,2.6036,24.9,87,100,2.76,BJ,1724620562
173,shahrak,34.1074,64.3052,12.61,41,0,1.86,AF,1724620563
174,hojai,26.0,92.8667,24.37,94,33,1.27,IN,1724620564
175,prince george,53.9166,-122.753,20.34,50,99,1.34,CA,1724620267
176,badger,64.8,-147.5333,10.93,79,75,2.57,US,1724620566
177,geraldton,-28.7667,114.6,9.23,93,39,4.63,AU,1724620568
178,panama city beach,30.1766,-85.8055,33.94,54,40,4.12,US,1724620569
179,road town,18.4167,-64.6167,30.02,70,40,3.09,VG,1724620570
180,gaigeturi,33.4644,126.3183,25.03,78,0,2.06,KR,1724620571
181,east london,-33.0153,27.9116,16.94,81,88,7.51,ZA,1724620573
182,crane,31.3974,-102.3501,35.66,25,1,6.65,US,1724620574
183,constantia,44.1833,28.65,23.38,78,11,4.53,RO,1724620575
184,tralee,52.2704,-9.7026,13.75,87,74,4.54,IE,1724620576
185,xining,36.6167,101.7667,16.39,92,100,0.52,CN,1724620577
186,codrington,-38.2667,141.9667,11.0,84,42,6.14,AU,1724620579
187,enewetak,11.3474,162.3373,28.67,69,29,4.83,MH,1724620580
188,paradip garh,20.3167,86.6167,26.43,84,98,4.01,IN,1724620581
189,callao,-12.0667,-77.15,17.16,77,75,4.63,PE,1724620344
190,lebu,-37.6167,-73.65,10.78,69,100,4.47,CL,1724620583
191,dudinka,69.4058,86.1778,9.93,84,87,0.34,RU,1724620587
192,kavieng,-2.5744,150.7967,26.71,82,100,4.25,PG,1724620588
193,marka,1.7159,44.7717,24.79,87,91,6.93,SO,1724620590
194,port saint john's,-31.6229,29.5448,17.57,83,82,4.08,ZA,1724620591
195,toliara,-23.35,43.6667,20.22,68,0,2.17,MG,1724620448
196,chonchi,-42.6128,-73.8092,7.84,96,100,3.55,CL,1724620593
197,saint-philippe,-21.3585,55.7679,19.19,73,94,6.95,RE,1724620594
198,zagan,51.6176,15.3149,16.49,82,99,1.83,PL,1724620596
199,nova sintra,14.8667,-24.7167,26.31,76,100,8.11,CV,1724620597
200,kodiak,57.79,-152.4072,15.73,44,0,10.8,US,1724620598
201,essaouira,31.5125,-9.77,24.72,78,0,4.63,MA,1724620599
202,tazacorte,28.629,-17.9293,23.54,88,20,5.14,ES,1724620600
203,deori khas,23.4,79.0167,23.01,92,100,1.99,IN,1724620602
204,villa rica,33.7321,-84.9191,31.3,45,0,0.45,US,1724620603
205,soio,-6.1349,12.3689,21.94,88,7,3.78,AO,1724620604
206,general acha,-37.377,-64.6043,13.24,33,41,7.69,AR,1724620605
207,weno,7.4515,151.8468,28.97,84,100,3.09,FM,1724620606
208,bonthe,7.5264,-12.505,25.2,89,83,4.15,SL,1724620609
209,olonkinbyen,70.9221,-8.7187,2.91,95,100,11.39,SJ,1724620610
210,tual,-5.6667,132.75,25.62,85,100,6.15,ID,1724620613
211,kuta,-8.7233,115.1723,25.97,89,40,5.66,ID,1724620614
212,junin de los andes,-39.9504,-71.0694,8.5,56,36,1.14,AR,1724620615
213,spanish wells,26.323,-81.7957,31.12,51,69,0.45,US,1724620616
214,cedeira,43.6797,-8.0209,18.87,72,3,8.55,ES,1724620617
215,san patricio,28.017,-97.5169,35.97,40,3,7.86,US,1724620619
216,acapulco de juarez,16.8634,-99.8901,31.9,66,40,6.17,MX,1724620564
217,alofi,-19.0595,-169.9187,23.94,94,75,5.66,NU,1724620621
218,timbuktu,16.7735,-3.0074,33.43,42,66,2.47,ML,1724620622
219,happy valley-goose bay,53.3168,-60.3315,29.17,37,75,1.03,CA,1724620624
220,namibe,-15.1961,12.1522,18.19,89,79,0.57,AO,1724620625
221,lebedyan',53.0194,39.1664,19.34,61,0,2.97,RU,1724620626
222,ta`u,-14.2336,-169.5144,26.29,86,97,9.13,AS,1724620627
223,phan rang-thap cham,11.5667,108.9833,24.49,84,100,0.98,VN,1724620628
224,kievka,50.2619,71.5514,12.69,77,84,3.51,KZ,1724620630
225,calbuco,-41.768,-73.1273,8.56,83,100,11.67,CL,1724620621
226,polyarnyy,69.1989,33.4478,14.25,79,100,11.95,RU,1724620632
227,baker city,44.7749,-117.8344,22.84,33,75,5.14,US,1724620568
228,lodja,-3.4833,23.4333,23.31,58,52,1.02,CD,1724620634
229,syracuse,37.0881,15.2792,27.15,75,0,4.04,IT,1724620550
230,dzhalagash,45.0833,64.6667,18.81,31,45,2.07,KZ,1724620638
231,astrakhan,46.3497,48.0408,20.93,52,0,2.0,RU,1724620639
232,aylmer,42.7668,-80.983,26.95,52,33,4.23,CA,1724620641
233,vorgashor,67.5833,63.95,11.18,86,26,2.24,RU,1724620642
234,altai,46.3722,96.2583,15.29,53,37,3.3,MN,1724620643
235,saudarkrokur,65.7461,-19.6394,4.59,96,100,3.04,IS,1724620644
236,anar darah,32.7587,61.654,27.95,20,0,5.63,AF,1724620645
237,ilulissat,69.2167,-51.1,5.01,93,100,3.6,GL,1724620647
238,oruro,-17.9833,-67.15,20.27,21,20,1.54,BO,1724620648
239,yonggwang-up,40.0183,127.4547,20.93,93,100,0.57,KP,1724620649
240,laoang,12.5,125.0167,24.23,96,100,1.58,PH,1724620650
241,tazovsky,67.4667,78.7,9.54,85,57,2.13,RU,1724620652
242,nuuk,64.1835,-51.7216,5.34,87,100,4.12,GL,1724620653
243,uturoa,-16.7333,-151.4333,24.99,75,92,11.69,PF,1724620654
244,okoneshnikovo,54.8377,75.0834,11.32,95,96,4.68,RU,1724620655
245,belomorsk,64.5232,34.7668,17.89,59,60,6.7,RU,1724620657
246,salaverry,-8.2333,-78.9667,17.21,86,87,4.51,PE,1724620658
247,mugumu,-1.85,34.7,20.23,50,93,2.68,TZ,1724620659
248,kone,-21.0595,164.8658,22.69,69,0,2.39,NC,1724620660
249,kudahuvadhoo,2.6708,72.8944,27.99,74,100,3.11,MV,1724620661
250,nurlat,54.4277,50.8051,15.47,91,46,1.27,RU,1724620663
251,kavaratti,10.5669,72.642,26.93,84,100,5.99,IN,1724620664
252,nouadhibou,20.931,-17.0347,22.99,83,1,7.72,MR,1724620665
253,tangalle,6.024,80.7911,25.91,86,90,4.42,LK,1724620666
254,kalulushi,-12.8378,28.0919,17.46,41,11,2.36,ZM,1724620667
255,kitimat,54.0524,-128.6534,14.39,29,100,2.68,CA,1724620669
256,ilhabela,-23.7781,-45.3581,15.17,88,100,4.34,BR,1724620670
257,sao bartolomeu de messines,37.2602,-8.2867,22.45,55,0,5.13,PT,1724620671
258,quellon,-43.1167,-73.6167,7.24,89,100,9.95,CL,1724620497
259,tofol,5.3248,163.0078,28.52,69,80,1.2,FM,1724620673
260,la peca,-5.6111,-78.435,29.11,42,78,1.52,PE,1724620675
261,kailua-kona,19.6406,-155.9956,25.98,95,100,3.6,US,1724620503
262,solok,-0.7918,100.6593,21.93,97,96,0.92,ID,1724620677
263,scottburgh,-30.2867,30.7532,18.23,74,88,0.9,ZA,1724620678
264,grande prairie,55.1667,-118.8027,21.1,40,40,5.14,CA,1724620679
265,poyarkovo,49.6,128.6833,12.59,95,13,2.19,RU,1724620681
266,jiazi,22.8779,116.067,26.64,85,87,1.68,CN,1724620682
267,hailar,49.2,119.7,11.91,75,20,3.91,CN,1724620683
268,nikolayevsk-on-amure,53.1406,140.73,14.15,77,100,1.61,RU,1724620684
269,port lincoln,-34.7333,135.8667,12.63,87,0,5.32,AU,1724620686
270,gisborne,-38.6533,178.0042,13.43,62,99,3.91,NZ,1724620687
271,natal,-5.795,-35.2094,26.12,69,40,9.77,BR,1724619967
272,brezina,33.0989,1.2608,28.99,31,49,8.92,DZ,1724620689
273,minas de marcona,-15.2119,-75.1103,17.92,46,1,6.22,PE,1724620691
274,papao,-17.75,-149.55,27.82,81,96,12.24,PF,1724620692
275,yangambi,0.8102,24.4336,21.07,95,100,0.9,CD,1724620693
276,poronaysk,49.2167,143.1167,12.72,77,100,1.71,RU,1724620694
277,kani keli,-12.9536,45.1033,25.59,68,99,3.23,YT,1724620695
278,abepura,-2.6333,140.5833,25.45,89,20,6.69,ID,1724620697
279,taoudenni,22.6783,-3.9836,40.6,21,43,0.52,ML,1724620698
280,thames,-37.1333,175.5333,12.51,86,100,1.96,NZ,1724620699
281,inhambane,-23.865,35.3833,19.11,78,0,3.66,MZ,1724620700
282,kruisfontein,-34.0033,24.7314,11.68,87,100,2.46,ZA,1724620701
283,baijiantan,45.6333,85.1833,24.49,39,15,5.31,CN,1724620703
284,la romana,18.4273,-68.9728,32.2,66,20,4.12,DO,1724620704
285,catia la mar,10.6038,-67.0303,31.11,58,100,2.57,VE,1724620705
286,lijiang,26.8688,100.2207,13.72,92,10,1.22,CN,1724620706
287,banda aceh,5.5577,95.3222,24.79,87,100,5.77,ID,1724620707
288,buala,-8.145,159.5921,26.39,78,99,5.04,SB,1724620709
289,margate,51.3813,1.3862,15.49,74,69,8.05,GB,1724620710
290,sisimiut,66.9395,-53.6735,5.32,77,100,2.25,GL,1724620711
291,syas'stroy,60.1367,32.5691,18.62,76,9,5.77,RU,1724620712
292,launceston,-41.45,147.1667,9.8,93,20,5.66,AU,1724620714
293,hingoli,19.7167,77.15,22.39,91,100,6.7,IN,1724620715
294,sokoni,-6.4333,39.55,24.97,80,59,6.66,TZ,1724620716
295,asau,46.4333,26.4,21.1,49,48,2.0,RO,1724620717
296,tovarkovskiy,53.6822,38.2092,18.67,65,0,1.69,RU,1724620719
297,avarua,-21.2078,-159.775,22.03,60,20,8.23,CK,1724620720
298,ambovombe,-25.1667,46.0833,17.12,70,0,3.26,MG,1724620721
299,tromso,69.6496,18.957,13.01,71,40,6.17,NO,1724620722
300,shetpe,44.1667,52.1167,22.66,41,100,2.67,KZ,1724620723
301,praia da vitoria,38.7333,-27.0667,25.14,78,40,1.22,PT,1724620725
302,jamestown,42.097,-79.2353,26.8,47,0,4.12,US,1724620726
303,howrah,22.5892,88.3103,26.0,94,100,3.09,IN,1724620727
304,vadso,70.0744,29.7487,13.09,94,75,5.14,NO,1724620728
305,gamba,-2.65,10.0,22.62,87,6,2.6,GA,1724620729
306,sao gabriel da cachoeira,-0.1303,-67.0892,33.06,49,93,0.76,BR,1724620731
307,hargeysa,9.56,44.065,22.99,50,15,9.0,SO,1724620732
308,black river,18.0264,-77.8487,29.93,65,18,0.58,JM,1724620733
309,ternate,0.8,127.4,25.87,83,100,1.2,ID,1724620734
310,fuyu,45.1833,124.8167,15.44,83,0,3.64,CN,1724620735
311,mongo,12.1844,18.693,22.91,89,80,1.51,TD,1724620737
312,qacha's nek,-30.1154,28.6894,8.43,41,0,1.84,LS,1724620738
313,san andres tuxtla,18.45,-95.2167,29.4,69,25,2.57,MX,1724620739
314,simpang,-1.2667,104.0833,23.31,92,99,1.13,ID,1724620740
315,turtas,58.9417,69.1325,10.78,87,50,2.15,RU,1724620742
316,naryn,41.4287,75.9911,9.98,37,0,2.53,KG,1724620743
317,mcpherson,38.3708,-97.6642,41.16,22,1,6.41,US,1724620744
318,usinsk,65.9939,57.5281,11.04,92,10,3.22,RU,1724620745
319,hecun,36.5333,114.1111,23.64,96,100,0.89,CN,1724620747
320,st. john's,47.5649,-52.7093,26.27,53,20,4.12,CA,1724620679
321,malmesbury,-33.4608,18.7271,6.95,87,15,3.07,ZA,1724620749
322,fort bragg,35.139,-79.006,31.49,36,0,3.6,US,1724620750
323,tsiombe,-25.3,45.4833,18.06,64,0,3.72,MG,1724620752
324,san antonio de pale,-1.4014,5.6325,23.7,84,100,3.43,GQ,1724620753
325,arraial do cabo,-22.9661,-42.0278,18.98,100,100,4.12,BR,1724620754
326,vila franca do campo,37.7167,-25.4333,23.23,72,85,0.36,PT,1724620756
327,flin flon,54.7682,-101.865,24.91,44,40,8.75,CA,1724620758
328,trairi,-3.2778,-39.2689,25.35,74,92,5.5,BR,1724620759
329,ust'-ilimsk,58.0006,102.6619,15.99,80,100,1.69,RU,1724620760
330,jiuquan,39.7432,98.5174,19.24,73,21,2.91,CN,1724620761
331,constitucion,-35.3333,-72.4167,12.74,58,55,2.0,CL,1724620556
332,kyabe,9.4515,18.9449,22.25,98,96,1.7,TD,1724620764
333,pakxan,18.3778,103.6601,23.38,98,99,0.91,LA,1724620765
334,nzega,-2.479,29.5564,15.35,54,86,2.0,RW,1724620768
335,tvoroyri,61.5556,-6.8111,10.29,84,95,3.62,FO,1724620770
336,sinabang,2.4803,96.3801,25.04,86,100,2.46,ID,1724620771
337,cabo san lucas,22.8909,-109.9124,33.17,55,40,4.63,MX,1724620699
338,nagqu,31.5,92.0,3.1,75,68,1.31,CN,1724620775
339,hadibu,12.65,54.0333,26.23,81,13,7.63,YE,1724620776
340,primorsko-akhtarsk,46.0497,38.1747,24.24,35,1,6.06,RU,1724620777
341,sorong,-0.8833,131.25,25.74,85,100,1.75,ID,1724620778
342,new norfolk,-42.7826,147.0587,11.51,83,99,3.96,AU,1724620779
343,villa gesell,-37.2639,-56.973,8.66,77,5,4.12,AR,1724620781
344,tezu,27.9167,96.1667,26.1,74,62,1.83,IN,1724620782
345,nadi,-17.8,177.4167,22.0,83,40,0.0,FJ,1724620783
346,novodvinsk,64.4165,40.8122,13.86,72,4,3.27,RU,1724620784
347,pionerskiy,54.9508,20.2275,17.91,71,100,7.88,RU,1724620785
348,barcelos,41.5388,-8.6151,17.05,66,0,1.97,PT,1724620787
349,gutierrez zamora,20.45,-97.0833,30.52,64,0,4.73,MX,1724620790
350,aasiaat,68.7098,-52.8699,3.05,90,100,2.04,GL,1724620792
351,inderbor,48.55,51.7833,25.43,29,10,2.1,KZ,1724620793
352,ghanzi,-21.5667,21.7833,17.06,24,0,2.11,BW,1724620794
353,nkhata bay,-11.6066,34.2907,20.01,60,29,2.28,MW,1724620795
354,colonia,50.9333,6.95,16.64,78,0,0.51,DE,1724620516
355,nuku'alofa,-21.1333,-175.2,22.19,100,100,4.12,TO,1724620798
356,nadym,65.5333,72.5167,10.95,80,16,1.53,RU,1724620799
357,sinan,34.8262,126.1086,24.73,87,80,0.64,KR,1724620801
358,gilgit,35.9221,74.3087,23.99,43,6,1.16,PK,1724620803
359,craon,47.8469,-0.9493,15.32,68,16,3.84,FR,1724620804
360,al ghayzah,16.2079,52.176,25.12,86,98,4.21,YE,1724620805
361,turinsk,58.0458,63.696,12.6,74,100,1.4,RU,1724620806
362,alta,69.9689,23.2717,10.66,86,40,1.54,NO,1724620807
363,kerikeri,-35.2268,173.9474,13.15,87,100,0.9,NZ,1724620809
364,flying fish cove,-10.4217,105.6791,24.82,88,100,5.14,CX,1724620810
365,saint-francois,46.4154,3.9054,12.69,89,0,1.03,FR,1724620811
366,trenggalek,-8.05,111.7167,22.48,96,100,1.39,ID,1724620812
367,niquero,20.0431,-77.5828,31.36,63,72,3.23,CU,1724620814
368,kurumkan,54.3,110.3,13.45,77,0,1.26,RU,1724620815
369,shimoda,34.6667,138.95,25.58,85,22,0.92,JP,1724620816
370,bazarnyye mataki,54.8833,49.9333,16.25,90,86,1.05,RU,1724620817
371,posse,-14.0931,-46.3694,29.04,18,0,2.88,BR,1724620819
372,santa cruz cabralia,-16.2781,-39.0247,24.13,78,20,3.6,BR,1724620820
373,yuzhno-kurilsk,44.0306,145.8556,16.13,89,100,3.86,RU,1724620821
374,sola,-13.8833,167.55,24.9,72,20,9.03,VU,1724620822
375,umea,63.8284,20.2597,11.06,93,0,2.57,SE,1724620824
376,price,39.5994,-110.8107,22.59,60,75,4.12,US,1724620825
377,mulayjah,27.271,48.4242,33.88,40,0,1.26,SA,1724620826
378,totness,5.8833,-56.3167,28.77,75,60,4.67,SR,1724620827
379,leh,34.1667,77.5833,14.22,48,4,1.89,IN,1724620605
380,aykhal,66.0,111.5,7.4,96,95,2.18,RU,1724620622
381,olenino,56.2092,33.4889,17.1,89,5,2.31,RU,1724620832
382,long beach,33.767,-118.1892,28.14,60,0,5.14,US,1724620513
383,nishinoomote,30.7333,131.0,28.44,78,67,6.03,JP,1724620834
384,taltal,-25.4,-70.4833,16.15,71,27,2.36,CL,1724620647
385,darwin,-12.4611,130.8418,22.99,94,20,1.03,AU,1724620622
386,ketchikan,55.3422,-131.6461,14.26,88,100,8.23,US,1724620839
387,terrace,54.5163,-128.6035,13.95,94,100,9.26,CA,1724620840
388,tripoli,32.8752,13.1875,26.83,70,0,3.29,LY,1724620841
389,hammerfest,70.6634,23.6821,11.25,93,75,1.54,NO,1724620842
390,mejit,10.2753,170.8646,28.44,78,36,6.75,MH,1724620843
391,bokoro,12.3807,17.0568,24.29,84,100,1.87,TD,1724620845
392,karasburg,-28.0167,18.75,14.64,27,0,1.98,NA,1724620846
393,padang,-0.9492,100.3543,24.03,89,83,1.23,ID,1724620847
394,palmer,42.1584,-72.3287,27.35,62,75,1.54,US,1724620846
395,nizhnesortymskiy,62.4397,71.7603,14.05,60,100,3.47,RU,1724620849
396,amarante do maranhao,-5.5667,-46.7422,32.08,25,63,1.4,BR,1724620851
397,mount gambier,-37.8333,140.7667,10.87,83,3,3.67,AU,1724620852
398,kish,26.5578,54.0194,33.15,79,0,3.09,IR,1724620853
399,wadebridge,50.5173,-4.8363,15.65,94,75,6.69,GB,1724620854
400,tadine,-21.55,167.8833,22.04,70,38,5.25,NC,1724620856
401,west bay,19.3667,-81.4167,31.04,66,40,2.57,KY,1724620857
402,konarka,19.9,86.1167,27.39,82,99,4.28,IN,1724620858
403,walvis bay,-22.9575,14.5053,13.13,79,0,5.07,NA,1724620859
404,dancu,46.7592,28.2089,27.35,37,81,0.77,MD,1724620861
405,nueva gerona,21.8833,-82.8,31.95,57,81,5.29,CU,1724620862
406,markovo,57.3206,107.0881,13.66,72,99,1.69,RU,1724620863
407,webster city,42.4694,-93.816,31.15,70,0,5.14,US,1724620861
408,qamdo,31.1667,97.2333,5.71,81,68,1.96,CN,1724620866
409,prenzlau,53.3167,13.8667,15.72,52,100,2.04,DE,1724620867
410,gorom-gorom,14.4439,-0.2361,31.09,52,81,3.99,BF,1724620868
411,swift current,50.2834,-107.8014,22.45,40,0,5.66,CA,1724620870
412,al bawiti,28.3492,28.8659,31.25,24,0,3.52,EG,1724620873
413,guixi,28.2886,117.2133,25.67,86,64,0.63,CN,1724620874
414,san luis de la loma,17.2706,-100.8939,30.67,71,49,3.97,MX,1724620875
415,olyokminsk,60.3736,120.4264,11.14,95,8,1.69,RU,1724620877
416,port hedland,-20.3167,118.5667,22.03,33,30,4.63,AU,1724620878
417,holualoa,19.6228,-155.9522,23.91,99,100,3.6,US,1724620879
418,batamshinskiy,50.5594,58.2747,15.27,74,50,0.53,KZ,1724620880
419,kununurra,-15.7667,128.7333,17.99,88,0,0.0,AU,1724620726
420,yuxia,34.0615,108.6291,25.87,86,100,1.44,CN,1724620883
421,kapa'a,22.0752,-159.319,27.18,82,100,9.26,US,1724620884
422,xinyuan,37.3,99.0,10.89,92,100,1.1,CN,1724620885
423,remire-montjoly,4.9167,-52.2667,29.02,74,0,3.6,GF,1724620886
424,aban,56.67,96.06,15.22,94,100,2.76,RU,1724620887
425,san jose de feliciano,-30.3845,-58.7517,11.55,65,5,1.93,AR,1724620889
426,yulinshi,38.2906,109.7494,18.46,79,94,9.77,CN,1724620890
427,saint-paul,-21.0096,55.2707,20.05,91,90,0.31,RE,1724620891
428,mogadishu,2.0371,45.3438,24.95,87,77,6.92,SO,1724620892
429,batangafo,7.3008,18.2833,21.59,98,99,1.17,CF,1724620894
430,moires,35.0532,24.8744,25.12,45,24,0.45,GR,1724620895
431,santa lucia,27.9117,-15.5407,19.62,78,20,10.29,ES,1724620896
432,pombas,17.1503,-25.0201,19.63,75,45,4.76,CV,1724620897
433,richfield,44.8833,-93.283,29.96,77,100,6.17,US,1724620899
434,lospalos,-8.5186,127.0025,20.58,97,56,2.66,TL,1724620900
435,miracema do tocantins,-9.5618,-48.3967,33.95,20,1,1.91,BR,1724620901
436,ixtapa,20.7,-105.2,31.79,74,40,5.66,MX,1724620902
437,aldinga beach,-35.2793,138.4604,13.69,92,6,4.47,AU,1724620904
438,murray bridge,-35.1167,139.2667,11.42,88,15,3.84,AU,1724620905
439,ormara,25.2088,64.6357,26.93,88,100,6.65,PK,1724620906
440,beira,-19.8436,34.8389,20.05,88,0,2.57,MZ,1724620907
441,maubin,16.7333,95.65,24.78,95,100,1.37,MM,1724620908
442,puerto san jose,13.9256,-90.8244,32.03,66,40,4.12,GT,1724620910
443,mogocha,53.7333,119.7667,8.64,95,1,2.08,RU,1724620911
444,holdrege,40.4403,-99.3698,34.95,49,0,3.09,US,1724620912
445,port augusta,-32.5,137.7667,11.56,88,76,3.04,AU,1724620913
446,coahuayana de hidalgo,18.7,-103.6583,32.3,61,23,2.46,MX,1724620915
447,gero,-8.7039,121.1881,20.2,99,37,2.66,ID,1724620916
448,kodinsk,58.6881,99.1844,14.18,97,81,1.14,RU,1724620917
449,salmas,38.1973,44.7653,22.7,31,0,2.42,IR,1724620918
450,la'ie,21.6477,-157.9253,26.73,79,92,5.81,US,1724620920
451,kisangani,0.5167,25.2,21.45,97,100,1.71,CD,1724620921
452,keila,59.3036,24.4131,18.01,59,0,3.6,EE,1724620361
453,seeb,23.6703,58.1891,31.61,61,100,2.45,OM,1724620923
454,ponnur,16.0711,80.5494,29.42,72,100,4.36,IN,1724620925
455,raduzhny,62.0961,77.475,13.14,67,100,5.57,RU,1724620926
456,pemangkat,1.1667,108.9667,25.52,88,100,3.29,ID,1724620927
457,island harbour,50.724,-1.2758,17.04,75,100,3.13,GB,1724620928
458,puyang chengguanzhen,35.7028,115.0053,25.08,96,99,1.59,CN,1724620930
459,seven pagodas,12.6264,80.1722,28.92,63,100,4.2,IN,1724620931
460,tamiahua,21.2667,-97.45,30.52,64,4,4.4,MX,1724620932
461,victorica,-36.2151,-65.4359,13.83,29,68,8.11,AR,1724620933
462,mao,39.8885,4.2658,24.31,83,20,6.17,ES,1724620935
463,jamaame,0.0697,42.745,24.37,84,62,5.9,SO,1724620936
464,pico truncado,-46.7949,-67.9573,9.46,40,100,6.46,AR,1724620937
465,sur,22.5667,59.5289,30.31,60,100,5.19,OM,1724620938
466,kantabanji,20.4833,82.9167,23.03,94,71,1.86,IN,1724620939
467,nemuro,43.3236,145.575,16.52,96,100,3.5,JP,1724620941
468,eenhana,-17.4667,16.3333,17.6,15,0,3.08,NA,1724620942
469,ruteng,-8.6136,120.4721,15.82,92,39,1.11,ID,1724620943
470,aqadyr,48.2553,72.8483,10.33,62,0,2.05,KZ,1724620944
471,tugulym,57.0591,64.6425,12.66,74,100,1.46,RU,1724620946
472,caleta de carquin,-11.0925,-77.6267,19.1,77,40,4.54,PE,1724620947
473,valparaiso,-33.0393,-71.6273,17.13,62,0,4.12,CL,1724620801
474,bandipura,34.4167,74.65,18.7,82,0,2.45,IN,1724620949
475,tortoli,39.9256,9.6572,27.77,80,0,3.09,IT,1724620950
476,mount isa,-20.7333,139.5,13.87,58,0,2.57,AU,1724620952
477,khilok,51.3674,110.4676,9.7,83,2,1.77,RU,1724620953
478,chiang klang,19.2938,100.8617,22.92,98,100,0.07,TH,1724620954
479,atherton,53.5237,-2.4935,15.72,84,41,0.89,GB,1724620955
480,nakhon luang,14.4628,100.6083,25.02,94,100,2.39,TH,1724620957
481,pacific grove,36.6177,-121.9166,25.82,72,0,3.09,US,1724620958
482,rabo de peixe,37.8,-25.5833,22.73,64,20,1.03,PT,1724620959
483,mawlaik,23.6333,94.4167,23.05,100,100,0.31,MM,1724620960
484,kittila,67.6647,24.8936,13.08,94,75,3.6,FI,1724620961
485,riolandia,-19.9808,-49.6819,17.57,35,8,7.75,BR,1724620963
486,puerto leguizamo,-0.1934,-74.7819,34.34,40,65,1.97,CO,1724620964
487,badagry,6.4167,2.8833,24.32,91,100,3.28,NG,1724620965
488,pointe-du-lac,46.2869,-72.6845,23.61,80,20,3.09,CA,1724620966
489,clinton,42.587,-82.9199,31.61,71,40,3.6,US,1724620893
490,moyynkum,44.2914,72.9469,19.02,32,56,3.83,KZ,1724620969
491,tura,25.5198,90.2201,23.32,92,66,2.51,IN,1724620970
492,keita,14.7551,5.7749,30.84,51,88,5.23,NE,1724620777
493,labytnangi,66.6572,66.4183,13.49,80,45,2.21,RU,1724620972
494,sao geraldo do araguaia,-6.4006,-48.555,34.18,23,7,0.94,BR,1724620974
495,portland,45.5234,-122.6762,25.74,52,75,2.57,US,1724620760
496,hanzhong,33.0728,107.0303,23.84,83,100,0.94,CN,1724620976
497,boden,65.8252,21.6886,11.61,96,64,2.5,SE,1724620977
498,ejura,7.3856,-1.3562,24.5,80,82,0.8,GH,1724620980
499,nantucket,41.2835,-70.0995,23.06,83,0,4.12,US,1724620981
500,dvurechensk,56.5982,61.0953,12.21,85,100,2.11,RU,1724620982
501,babayevo,59.3936,35.9371,14.56,70,27,2.46,RU,1724620984
502,huron,41.1501,-82.5499,31.52,59,43,1.14,US,1724620985
503,sarina,-21.4333,149.2167,19.04,1,77,1.65,AU,1724620986
504,tobelo,1.7284,128.0095,26.11,83,77,1.57,ID,1724620987
505,fortuna,40.5982,-124.1573,23.85,62,0,5.66,US,1724620989
506,santa elena de uairen,4.6167,-61.1333,25.1,63,79,3.46,VE,1724620990
507,okakarara,-20.5833,17.4333,17.11,17,0,2.94,NA,1724620991
508,zuyevka,58.405,51.1335,17.39,70,100,2.05,RU,1724620992
509,micheweni,-4.9667,39.8333,24.54,81,65,5.36,TZ,1724620994
510,sylt-ost,54.8833,8.35,17.05,67,40,8.75,DE,1724620995
511,forio,40.7342,13.8646,25.24,77,52,5.84,IT,1724620996
512,pisco,-13.7,-76.2167,20.03,68,0,6.17,PE,1724620997
513,brookings,44.3114,-96.7984,36.24,38,8,3.95,US,1724620746
514,staraya stanitsa,48.35,40.2833,23.41,35,3,1.77,RU,1724621000
515,velikiy ustyug,60.7644,46.3106,12.88,90,0,0.96,RU,1724621001
516,liski,50.9841,39.5155,22.47,49,2,4.09,RU,1724621002
517,uludere,37.445,42.8617,18.83,46,0,0.51,TR,1724621003
518,el calafate,-50.3408,-72.2768,3.99,84,100,1.24,AR,1724620784
519,villa bruzual,9.3328,-69.1208,22.8,98,100,1.07,VE,1724621006
520,stranraer,54.9023,-5.0273,13.63,94,98,9.62,GB,1724621007
521,santona,43.4439,-3.4576,19.48,74,30,1.76,ES,1724621008
522,fedorovka,53.6314,62.7078,12.0,77,21,2.56,KZ,1724621009
523,yen vinh,18.6667,105.6667,24.86,94,83,2.23,VN,1724621011
524,ulladulla,-35.35,150.4667,14.35,56,0,6.84,AU,1724621012
525,la paz,-16.5,-68.15,15.99,41,20,4.63,BO,1724620875
526,rizokarpaso,35.6,34.375,28.0,75,0,4.18,CY,1724621014
527,ha'il,27.5219,41.6907,35.01,17,0,1.03,SA,1724621016
528,shakhtersk,48.0625,38.5167,22.34,31,0,2.62,UA,1724621017
529,korla,41.7597,86.1469,27.0,34,2,2.91,CN,1724621018
530,danane,7.2596,-8.155,21.27,97,38,0.37,CI,1724621019
531,tagta,41.6504,59.9164,22.97,28,0,4.12,TM,1724621020
532,pariaman,-0.619,100.12,24.03,88,88,1.55,ID,1724621022
533,yambio,4.5721,28.3955,21.03,97,100,1.56,SS,1724621023
534,cambria,35.5641,-121.0808,30.13,52,0,5.15,US,1724620738
535,khadzhalmakhi,42.42,47.1821,16.92,93,100,1.63,RU,1724621025
536,mont-de-marsan,44.0,-0.6667,17.9,68,0,2.57,FR,1724621027
537,machakos,-1.5167,37.2667,17.12,61,98,3.76,KE,1724621028
538,auki,-8.7676,160.7034,24.56,80,100,1.99,SB,1724621029
539,camocim,-2.9022,-40.8411,26.91,70,69,9.08,BR,1724621030
540,spring lake,35.1679,-78.9728,31.47,36,0,3.6,US,1724620983
541,vung tau,10.346,107.0843,27.06,82,100,7.21,VN,1724621033
542,barra de santo antonio,-9.4047,-35.5072,23.98,69,15,4.76,BR,1724621034
543,kilindoni,-7.9139,39.6668,25.47,77,93,6.47,TZ,1724621035
544,greymouth,-42.4667,171.2,10.39,93,100,3.03,NZ,1724621037
545,ayr,55.4627,-4.6339,12.99,94,40,5.66,GB,1724621038
546,shillong,25.5689,91.8831,17.65,96,100,1.88,IN,1724621039
547,eyl,7.9803,49.8164,26.42,71,100,8.95,SO,1724621040
548,gizo,-8.103,156.8419,26.87,78,99,9.38,SB,1724621041
549,starokorsunskaya,45.0573,39.3161,26.61,41,0,7.0,RU,1724621043
550,kiiminki,65.1314,25.7974,15.43,100,90,7.36,FI,1724621044
551,blagodatnoye,45.3997,42.5867,22.27,46,96,4.88,RU,1724621045
552,grand falls-windsor,48.9332,-55.6649,24.31,57,35,2.86,CA,1724621046
553,kashgar,39.4547,75.9797,23.56,43,20,2.0,CN,1724621048
554,san ignacio,17.1561,-89.0714,30.08,66,0,3.09,BZ,1724621049
555,nyachera,-0.9,30.4167,22.18,44,95,0.53,UG,1724621050
556,kousa,25.9141,32.7636,34.59,23,12,3.63,EG,1724621051
557,suva,-18.1416,178.4415,21.71,94,75,3.09,FJ,1724621053
558,castuera,38.732,-5.5439,27.97,29,0,3.01,ES,1724621054
559,springhill,33.006,-93.4668,36.63,22,1,3.31,US,1724621055
560,dolinsk,47.35,142.8,14.53,90,100,1.4,RU,1724621056
561,yurgamysh,55.3714,64.4656,10.63,83,100,2.47,RU,1724621057
562,sao joao da barra,-21.6403,-41.0511,22.05,77,0,8.9,BR,1724621059
563,adilabad,19.6667,78.5333,23.54,89,100,5.61,IN,1724621060
564,cuito,-12.3833,16.9333,15.91,24,26,1.08,AO,1724621061
565,tanjung pandan,-2.75,107.65,24.89,85,95,2.7,ID,1724621062
566,williston,48.147,-103.618,29.46,27,18,3.58,US,1724621064
567,benghazi,32.1167,20.0667,28.56,71,4,6.69,LY,1724621066
568,mount pearl,47.5166,-52.7813,25.81,58,20,4.12,CA,1724621067
569,amos,48.5669,-78.1162,24.42,53,55,3.23,CA,1724621068
570,dien bien phu,21.3833,103.0167,22.37,100,100,0.51,VN,1724621070
571,machico,32.7,-16.7667,22.35,78,75,10.29,PT,1724621071
572,westport,41.1415,-73.3579,28.37,69,20,4.12,US,1724621032
573,fangshan,39.6983,115.9925,20.29,98,100,5.36,CN,1724621075
574,santa rosa misiones,-26.8667,-56.85,11.99,60,12,1.85,PY,1724621076
575,zouerate,22.7187,-12.4521,36.02,26,4,5.22,MR,1724621077
576,fergus falls,46.283,-96.0776,27.99,100,75,5.66,US,1724621078
